CustomerID,Name,Email,Phone
1,Elizabeth Pugh,rubiopaul@example.net,2823768936
2,Heather Cook,jenniferwashington@example.com,0837624785
3,Taylor Castillo,wwise@example.com,1570546648
4,Leslie Pineda,christineguerrero@example.com,2136511328
5,Dana Wilson,dustin62@example.org,8751700005
6,Catherine Sims,william16@example.org,6435278045
7,Anita Brock,jeff98@example.net,7173778694
8,Lindsay Juarez,melanie95@example.com,4390292869
9,Jeffrey Evans,thomas33@example.com,5680449293
10,Eduardo Ford,nnguyen@example.net,7088615487
11,Stanley Daniel,rickymartinez@example.net,8595287019
12,Jenny Smith,fernandezshirley@example.org,2081060736
13,Vanessa Fleming,misty73@example.net,7644436679
14,Alexandra Reynolds,odowns@example.net,8648605633
15,Emily Carr,eparks@example.org,7288343337
16,Robert Little,sarahgoodwin@example.net,4765350409
17,Beth Wong,markgomez@example.net,4793369147
18,Yvette Murphy,fosborne@example.com,1986709055
19,Kristy Love,michaelbonilla@example.com,1828728267
20,Christopher Barton,autumn29@example.org,9634515194
21,Clifford Becker,farmersteven@example.org,7319347054
22,Amy Peterson,thomas78@example.net,9147237182
23,Donald Valdez,georgehanson@example.com,9175715080
24,Carolyn Scott,hamiltonalicia@example.net,9876510647
25,Natalie Walker,ricethomas@example.org,7066131065
26,Richard Erickson,vincent58@example.org,1252679286
27,Karen Johnson,clarkphilip@example.com,1090891162
28,Thomas Navarro,shawn14@example.com,8001364314
29,Lisa Mora,sabrinaprice@example.net,8539028514
30,Joseph Thompson,douglaspreston@example.org,3824383111
31,Adrienne Bentley,julieparsons@example.com,6225427099
32,Noah Schmitt,stevenboyd@example.org,8167034201
33,Ricky Cook,moodykelsey@example.net,5050784436
34,Steven Mason,mary86@example.net,2130213767
35,Eddie Strong,mariahood@example.net,5330153777
36,Stephen Jackson,qcabrera@example.net,8856453799
37,Kelly Martin,blake02@example.net,2803564545
38,Felicia Neal,brownwilliam@example.net,2081664118
39,Teresa Brown,olsenantonio@example.com,0052175162
40,Matthew Boyd,jessicajohnson@example.com,0170330768
41,Rachel Cruz,sonia49@example.com,7617640210
42,James Byrd,jbrown@example.com,5651633191
43,Catherine Lopez,hughesnathan@example.org,0088234900
44,Timothy Murray,pfisher@example.org,6142845455
45,Catherine Garner,stephanie36@example.org,4549592188
46,Bradley Duke,ginahill@example.org,6278326312
47,Ashley Benitez,vaughanryan@example.org,0532757249
48,Jeffrey Roberts,xharding@example.org,2810402042
49,Edwin Carney,bonnieferguson@example.net,8186551687
50,Noah Cochran,enewton@example.com,1524052813
51,Barbara Adams,zachary88@example.com,3027819469
52,Rhonda Hale,joel15@example.com,7216912478
53,Danny White,hlawrence@example.org,1289971377
54,Bruce Garrett,mhale@example.org,8660270554
55,Latasha Callahan,kennedykyle@example.net,1751817428
56,Angela Walker,ihodge@example.net,3873502679
57,David Rice,tony80@example.org,5479492826
58,Laura Miller,christopherperez@example.com,2124988813
59,Gregory Newman,williamssarah@example.com,1913938186
60,Christine Buckley,blakecox@example.net,8914008394
61,Maurice Smith,byu@example.com,8736258324
62,Krista Wolfe,fblack@example.com,2819690802
63,Emily Baxter,rtyler@example.com,1339772698
64,Shannon Huff,prichardson@example.net,6175660750
65,Toni Harrison,matthewgutierrez@example.net,5303296031
66,Shaun Smith,campbelljose@example.net,2586295003
67,Laura Ross,alexandra34@example.org,8157337302
68,Jennifer Allen,kathryn51@example.org,9376875142
69,Lori Wood,tiffanyjensen@example.org,9955335743
70,Ashley Mccall,ijackson@example.org,3290904679
71,Jose Collier,dharris@example.net,0288501416
72,Barbara Woodward,qwilliams@example.net,2868295364
73,Todd Robertson,hayesbrooke@example.com,1551257749
74,Rose Brooks,lanepatricia@example.org,5779231355
75,Randy Donovan,elizabeth07@example.org,0004101721
76,Daniel Martin,abeltran@example.com,2591234439
77,Brittany Boyd,gcruz@example.org,9127499634
78,Daniel Garza,williammartinez@example.com,7302351285
79,Joshua Allen,jessegarcia@example.net,8891448971
80,Derrick Blair,mphelps@example.net,8135774230
81,Mitchell Burke,jessica03@example.com,9916004486
82,Daniel Haynes,qpowell@example.com,3968289986
83,Jose Chan,herreraamy@example.com,3377160796
84,Mr. Ryan Williams,rodriguezmadison@example.com,1247385249
85,Jose Larson,yrusso@example.com,3556562033
86,Sharon Hudson,tayloranderson@example.net,5898866699
87,Joyce Roberts,thomas62@example.net,8681750558
88,Jay Cooper,shayes@example.org,2950070099
89,Samuel Davenport,heathermcmahon@example.net,1625831437
90,Madison Bryant,jenkinsrussell@example.net,6270479713
91,Aaron White,hross@example.net,5051599603
92,Jennifer Wilson,ehoward@example.com,7589252670
93,Caroline Taylor,marvin05@example.net,7773403640
94,April Torres,ayoung@example.net,7517904892
95,Justin Velasquez,xmendoza@example.com,7128444755
96,Chad Franklin,elizabethwilliams@example.org,0739804759
97,Matthew Thomas,camposmegan@example.com,0712298353
98,Amber Morris,benglish@example.net,1981669438
99,Emily Sanchez,usmith@example.org,9768172143
100,Ryan Gibson,debra74@example.org,0249665895
