OrderID,CustomerID,productID,Quantity,SaleDate,TotalAmount
1,97,72,2,2025-05-17,152
2,87,55,3,2025-12-25,1005
3,68,99,1,2025-11-01,295
4,17,87,5,2025-04-18,3070
5,38,32,1,2025-08-05,57
6,50,7,3,2025-08-01,2880
7,91,99,1,2025-08-31,295
8,73,27,5,2025-07-12,2515
9,98,71,1,2025-11-28,688
10,6,82,5,2025-11-30,4300
11,59,54,2,2025-09-26,1914
12,13,92,4,2025-06-26,3180
13,52,35,1,2025-05-26,707
14,65,40,3,2025-08-12,1386
15,3,93,1,2025-10-18,241
16,8,95,4,2025-09-14,260
17,64,81,1,2025-10-13,515
18,63,19,4,2025-11-16,3108
19,56,12,4,2025-06-20,520
20,42,35,1,2025-10-04,707
21,57,56,1,2025-11-29,467
22,57,40,4,2025-05-09,1848
23,12,89,5,2025-10-27,635
24,72,26,5,2025-05-15,2280
25,15,37,3,2025-01-13,2337
26,64,82,5,2025-08-14,4300
27,9,42,3,2025-09-04,1710
28,1,46,5,2025-10-05,3590
29,27,87,5,2025-02-03,3070
30,48,90,3,2025-11-04,1488
31,85,54,1,2025-09-11,957
32,53,46,5,2025-03-10,3590
33,82,80,2,2025-03-10,1340
34,86,87,3,2025-02-28,1842
35,99,4,3,2025-05-02,2994
36,49,59,3,2025-09-09,1569
37,67,4,1,2025-01-14,998
38,66,57,3,2025-12-30,1854
39,25,19,4,2025-11-26,3108
40,89,36,2,2025-10-08,486
41,52,67,2,2025-02-07,64
42,31,73,4,2025-11-20,572
43,21,74,4,2025-07-04,280
44,12,52,3,2025-02-01,321
45,71,26,4,2025-05-02,1824
46,93,98,5,2025-03-19,4020
47,92,45,3,2025-09-30,1308
48,8,7,5,2025-03-11,4800
49,18,29,2,2025-08-11,1742
50,43,54,2,2025-10-06,1914
51,75,16,5,2025-10-27,4945
52,16,75,2,2025-08-06,436
53,34,73,1,2025-04-22,143
54,22,50,5,2025-07-21,3460
55,5,42,3,2025-03-31,1710
56,44,16,5,2025-09-06,4945
57,46,41,5,2025-05-24,3595
58,41,73,2,2025-03-31,286
59,17,76,5,2025-12-16,1550
60,38,28,3,2025-08-16,612
61,84,97,4,2025-04-08,3536
62,1,14,2,2025-03-07,1244
63,68,81,4,2025-04-04,2060
64,21,49,2,2025-07-12,848
65,89,60,5,2025-05-01,3490
66,13,64,1,2025-08-23,450
67,15,47,5,2025-05-29,1020
68,50,39,1,2025-09-07,699
69,37,16,5,2025-02-19,4945
70,35,18,4,2025-05-12,532
71,49,5,1,2025-11-16,411
72,61,66,4,2025-11-30,3512
73,76,27,5,2025-09-03,2515
74,50,15,5,2025-08-11,4900
75,16,94,4,2025-01-26,3888
76,93,59,2,2025-03-13,1046
77,62,32,3,2025-04-23,171
78,21,84,3,2025-04-29,2451
79,100,18,2,2025-07-02,266
80,81,70,5,2025-05-19,3240
81,48,70,1,2025-08-27,648
82,69,97,5,2025-10-17,4420
83,6,47,1,2025-04-05,204
84,8,29,4,2025-10-16,3484
85,33,49,3,2026-01-01,1272
86,35,91,5,2025-01-07,2505
87,6,55,3,2025-10-01,1005
88,84,62,5,2025-12-06,545
89,50,80,2,2025-02-11,1340
90,100,3,4,2025-04-12,1584
91,6,54,4,2025-11-30,3828
92,36,98,2,2025-04-16,1608
93,12,15,4,2025-10-24,3920
94,27,70,1,2025-10-12,648
95,99,61,1,2025-12-12,383
96,2,71,5,2025-09-12,3440
97,86,90,3,2025-09-17,1488
98,96,99,3,2025-01-16,885
99,6,59,5,2025-03-29,2615
100,61,61,3,2025-05-12,1149
